<?xml version="1.0" encoding="UTF-8"?>
<project-private xmlns="http://www.netbeans.org/ns/project-private/1">
    <editor-bookmarks xmlns="http://www.netbeans.org/ns/editor-bookmarks/2" lastBookmarkId="0"/>
    <open-files xmlns="http://www.netbeans.org/ns/projectui-open-files/2">
        <group>
            <file>file:/H:/xampp/htdocs/freelance/models/ProjectTasksSearch.php</file>
            <file>file:/H:/xampp/htdocs/freelance/models/ProjectsSearch.php</file>
            <file>file:/H:/xampp/htdocs/freelance/views/layouts/main.php</file>
            <file>file:/H:/xampp/htdocs/freelance/controllers/Project_tasksController.php</file>
            <file>file:/H:/xampp/htdocs/freelance/models/ProjectTasks.php</file>
            <file>file:/H:/xampp/htdocs/freelance/views/projects/index.php</file>
        </group>
    </open-files>
</project-private>
